{
  "unified": {
    "mean": 0.5908833831548691,
    "std": 0.17679781184354104
  },
  "static_prefix": {
    "mean": 0.605960538983345,
    "std": 0.16037257867944274
  },
  "learned_persona": {
    "mean": 0.02515405204612762,
    "std": 0.02745827099024743
  },
  "learned_cluster": {
    "mean": 0.02515405204612762,
    "std": 0.02745827099024743
  }
}